form,cnstr,cntxt,var1,var2,var1_pos,var2_pos
X+的+Y+的,用 的 是 的,生 巧克力塔 用 的 是 的 比利時 苦甜 可可 還 放 了 玫瑰花 碎 點綴,用,是,['P'],['SHI']
X+的+Y+的,貝 的 我 的,那 一 大 顆 煎 干貝 也 大大 撫慰 了 因為 不 想 吃 杏鮑菇 而 沙拉 沒 點到 干貝 的 我 的 心靈,貝,我,['Nb'],['Nh']
X+的+Y+的,買 的 元 的,應該 是 會議 便當 的 上限 額度 買 的 元 的 便當 沒有 很 滿意,買,元,['VC'],['Nd']
X+的+Y+的,書 的 人 的,斗南 米糕 甲 斗六店 是 很多 雲林 斗六 在地人 及 在 當地 唸書 的 人 的 回憶 但 身為 嘉義人 的 我 覺得 嘉義 就 有 很多 間 好吃 的 筒仔 米糕 斗六甲 說 是 好吃 所以 口味 沒有 特別 吸引 我 就是 不過 口味 真的 是 見仁見智 的 拉,書,人,['Na'],['Na']
X+的+Y+的,吃 的 飯 的,也 蠻 好吃 的 飯 的 硬度 以及 炸物 的 熟脆 程度 都 剛好,吃,飯,['VC'],['Na']
X+的+Y+的,甜 的 鹹 的,而且 茶葉 饅頭 配上 甜 的 鹹 的,甜,鹹,['VH'],['D']
X+的+Y+的,吃 的 人 的,都 大勝 美福 不 敢 想像 花 原價 吃 的 人 的 心情,吃,人,['VC'],['Na']
X+的+Y+的,歡 的 煮 的,蒟蒻捲 白蘿蔔 我 都 蠻 喜歡 的 煮 的 有透 娃娃菜 則 保留 了 菜 的 口感 稍微 硬 了 些,歡,煮,['VH'],['VC']
X+的+Y+的,脯 的 鹹 的,或 帶 油耗 菜脯 和 肉鬆 的 量 都 給 得 很少 菜脯 的 鹹 的 主要 味道 來源,脯,鹹,['Na'],['D']
X+的+Y+的,吃 的 吃 的,有樂 食堂 的 餐點 都 挺 好吃 的 吃 的 很 滿意 尤其 這 價格 真的 很 經濟 實惠,吃,吃,['VC'],['VC']
X+的+Y+的,究 的 走 的,甕缸雞 的 的 建築 是 鐵皮屋 不過 外觀 設計 還是 蠻 講究 的 走 的 是 日式 格柵 風格 門口 跟 建築 旁 都 可以 停車 停車 很 方便,究,走,['D'],['VA']
X+的+Y+的,炒 的 湯 的,抬頭 看 有 著 福來 鱔魚 意面 的 菜單 炒 的 湯 的 乾 的 麻油 的 都 有 不過 價格 被 貼 過 一 輪 應該 是 近期 有 在 漲價,炒,湯,['VC'],['Na']
X+的+Y+的,湯 的 乾 的,餛飩 一 碗 可 做 湯 的 乾 的,湯,乾,['Na'],['VH']
X+的+Y+的,湯 的 乾 的,麵 一 碗 可 選 米粉 或 麵條 可 做 湯 的 乾 的,湯,乾,['Na'],['VH']
X+的+Y+的,蠣 的 人 的,堪稱 是 愛 蛤 人士 天堂 的 蛤 是 桑妮 一定 會 推薦給 愛 吃 蛤蠣 的 人 的 店,蠣,人,['Na'],['Na']
X+的+Y+的,乾 的 湯 的,跟 麻辣 乾鍋 相比 川味 酸辣粉 沒有 這麼 的 重 口味 如果 想要 吃 辣 一點 可以 挑乾 的 湯 的,乾,湯,['VH'],['Na']
X+的+Y+的,喝 的 少 的,也 可能 個人 對 飲料 喝 的 少 的 關係,喝,少,['VC'],['VH']
X+的+Y+的,到 的 分 的,有點 像是 一 個 考分 遇到 的 分 的 也 沒轍,到,分,['P'],['VD']
X+的+Y+的,黑 的 白 的,黑 的 白 的 都 有 還 有 廚師帽 的 頗為 逗趣,黑,白,['VH'],['Nb']
X+的+Y+的,滷 的 拌 的,小菜 種類 也 超多 滷 的 拌 的 之類 都 有,滷,拌,['VC'],['VC']
X+的+Y+的,大 的 厚 的,這 的 麵疙瘩 有點 像 亂撕撕 的 大大 的 厚 的 部分 嚼勁 很 棒 這 也 是 我 吃到 的 麵疙瘩 中 口感,大,厚,['VH'],['VH']
X+的+Y+的,小 的 炒 的,蔥爆 牛 元 小 的 跟 蔥爆 牛舌 元 小 的 炒 的 鹹 香 有味,小,炒,['VH'],['VC']
X+的+Y+的,點 的 是 的,在 食材 的 部分 這 次 點 的 是 的 經典 系列 吃 到 飽 可以 先 選擇,點,是,['VC'],['SHI']
X+的+Y+的,小 的 大 的,有 分 鹹水 或 甘蔗 小 的 大 的 整體 我 覺得 不 貴 另外 也 可以 搭配成 套餐 吃起來 更 划算,小,大,['VH'],['VH']
X+的+Y+的,像 的 到 的,這 道 就 是 大家 可以 想像 的 到 的 味道,像,到,['P'],['P']
X+的+Y+的,淨 的 挖 的,冰淇淋櫃 挺 乾淨 的 挖 的 時候 覺得 偏 軟,淨,挖,['VH'],['VC']
X+的+Y+的,角 的 元 的,飲料 的 部分 如果 不要 看 右下角 的 元 的 蘋果汁,角,元,['Na'],['Nd']
X+的+Y+的,穩 的 新 的,所有 菜色 依舊 穩穩 的 新 的 一 道 是 干貝 玉米 用 玉米醬 炸 玉米 超 甜 超 好吃 干貝 的 火侯 也 好好,穩,新,['VH'],['VH']
X+的+Y+的,舌 的 元 的,本來 是 想 點 限量 嚴 選 選 厚 切 牛舌 的 元 的,舌,元,['Na'],['Nd']
X+的+Y+的,甜 的 鹹 的,沒想到 台中 就 有 門市 真的 是 太 棒 了 不管 甜 的 鹹 的 吐司 都 超級 好吃 的,甜,鹹,['VH'],['D']
X+的+Y+的,波 的 拿 的,我們 第一 波 的 拿 的 串串,波,拿,['Na'],['VC']
X+的+Y+的,約 的 是 的,這裡 要 小 抱怨 一下 鐵板燒 有 固定 的 用餐 時間 我們 預約 的 是 的 時段 所,約,是,['Da'],['SHI']
X+的+Y+的,想 的 到 的,餐點 種類 還 滿多 的 有 排餐 沙拉 義大利麵 燉飯 披薩 等 你 想 的 到 的 它 都 有 提供,想,到,['VE'],['P']
X+的+Y+的,冷 的 熱 的,飲料區 有 氣泡 飲品 茶類 熱飲 及 咖啡 等 想 喝 冷 的 熱 的 通通 有,冷,熱,['VH'],['VHC']
X+的+Y+的,邊 的 烤 的,花生 吐司 是 去 邊 的 烤 的 酥脆 焦度 剛剛 好,邊,烤,['Ncd'],['VC']
X+的+Y+的,鹹 的 甜 的,我 覺得 配上 鹹 的 甜 的 吃起來 都 很 適合,鹹,甜,['D'],['VH']
X+的+Y+的,吃 的 炒 的,炒飯爸 的 老闆娘 態度 非常 親切 炒飯 蠻 好吃 的 炒 的 很 乾爽 粒粒 分明 除了 種 炒,吃,炒,['VC'],['VC']
X+的+Y+的,訂 的 是 的,訂 的 是 的 合菜 菜色 大致 來 說 還是 頗 有 水準,訂,是,['VC'],['SHI']
X+的+Y+的,做 的 吃 的,加 的 料 也 很 厲害 都 是 自己 做 的 吃 的 到 天然 原味,做,吃,['VC'],['VC']
X+的+Y+的,錯 的 多 的,整 個 的 部分 也 還 蠻 不錯 的 多 的 價格 還 行,錯,多,['VH'],['D']
X+的+Y+的,點 的 拍 的,醬燒 牛肉 披薩 是 愛 吃 牛 也 愛 吃 肉 的 家人 點 的 拍 的 不 好,點,拍,['VC'],['VC']
X+的+Y+的,做 的 事 的,咖啡 對 我 來說 是 一 個 媒介 我 是 因為 喜歡 咖啡館 才 喜歡上 咖啡 小 高哥 過去 專攻 土木 在 剛 出 社會 時 發現到 咖啡館 是 個 摒除 利害 關係 的 社交圈 在 這 他 能夠 打開 心房 吸收 養分 短暫 遠離 生活 中 的 繁雜 退伍 後 他 重新 思考 自己 未來 的 出路 最後 決定 實際 去 咖啡店 學習 追求 想 做 的 事 的 同時 投資 自己 最後 才 開設 了 屬於 自己 的 店,做,事,['VC'],['Na']
X+的+Y+的,己 的 調 的,然後 他們 家 自己 的 調 的 辣椒醬 我 很 愛 只是 可以 穩定 一點 更 好 有時 好 辣,己,調,['Nh'],['VC']
X+的+Y+的,受 的 了 的,這 真的 不 是 一般 飯店 可以 接受 的 了 的,受,了,['VJ'],['VJ']
X+的+Y+的,過 的 蛋 的,細嫩 入味 炒 過 的 蛋 的 香氣 完全 不會 因為 泡入 湯頭 而 沖淡 帶有 菇類 的 香氣,過,蛋,['VCL'],['Na']
X+的+Y+的,帶 的 做 的,要 離開 前 不忘 外帶 幾 個 碗粿 當 伴手禮 外帶 的 做 的 超 好 馬上 就 能 算 錢 及 拿到 包裝,帶,做,['VC'],['VC']
X+的+Y+的,過 的 人 的,想 問 比較 近期 有 去 過 的 人 的 意見,過,人,['VCL'],['Na']
X+的+Y+的,扁 的 皮 的,炒手 的 部分 我 覺得 他 比較 像 扁食 真的 也 蠻 扁 的 皮 的 好吃 裡頭 包 著 薄薄 的 鮮,扁,皮,['Nb'],['Na']
X+的+Y+的,熱 的 冷 的,熱 的 冷 的 都 好吃,熱,冷,['VHC'],['VH']
X+的+Y+的,顯 的 京 的,搭配 米釀味 明顯 的 京 的 梅酒 油膩感 一 上來 就 被 口 中 酒液 給 沖散,顯,京,['VK'],['Nc']
不+X1+不+X2,不 盤 不 盤,最近 股市 行情 好 通膨 不 盤 不 盤,盤,盤,['Na'],['Na']
不+X1+不+X2,不 黏 不 膩,米飯 選用 的 是 泰國米 不 黏 不 膩 粒粒 分明 口感 很 棒,黏,膩,['VH'],['VH']
不+X1+不+X2,不 快 不 慢,套餐式 供餐 速度 不 快 不 慢 穩穩 抓 著 時間,快,慢,['D'],['VH']
不+X1+不+X2,不 甜 不 膩,茶 口味 濕潤 又 扎實 的 口感 還 有 淡淡 迷人 的 抹茶 香氣 不 甜 不 膩 很 好吃,甜,膩,['VH'],['VH']
不+X1+不+X2,不 高 不 敢,原本 想說 晚餐 價位 不 高 不 敢 期待 太多 實際 去 吃 卻 是 牛排 海鮮 各 式 雞 鴨 魚肉 應有盡有,高,敢,['Nb'],['VL']
不+X1+不+X2,不 不 不 前,有 銘柄 的 宮崎 是 以下 是 產地 不 不 不 前面 有 說 要 品牌 審 過 就算 符合 很多 條件 也 是 的 牛 審核 不過 還是 不能 叫 品牌 牛 銘柄,不,前,['D'],['Nes']
不+X1+不+X2,不 是 不 知,也 是 佩服 合理 作法 就 是 換成 別 種 食材 給 你 而 不 是 不 知 變通 硬,是,知,['SHI'],['VK']
不+X1+不+X2,不 辣 不 酸,泰式醬 芡 重 偏 甜 不 辣 不 酸 不 愛,辣,酸,['VH'],['VH']
不+X1+不+X2,不 太 不 習,到 飽 餐廳 無法 換 餐具 會 不 太 不 習慣 吃 到 快 到 中午點 時 離開 這時 還 有 人 才 剛 要 來 用餐,太,習,['Dfa'],['Na']
不+X1+不+X2,不 苦 不 澀,翡翠 包中 茶 是 現 沖 的 茶品 可以 聞到 淡淡 的 茶 香 味 不 苦 不 澀 相當 滋潤 好 入喉,苦,澀,['VH'],['VH']
不+X1+不+X2,不 多 不 清,坪林 老街 的 店家 不 多 不 清楚 是 我們 太晚 到 了 還是 這邊 商家 本來 就 不 多,多,清,['D'],['Nd']
不+X1+不+X2,不 到 不 是,訂 不 到 不 是 的 問題 而是 自己 手 速 的 問題,到,是,['P'],['SHI']
不+X1+不+X2,不 油 不 膩,甕缸雞 的 鹹酥 溪蝦 用 蒜頭 蔥花 一起 炒 西蝦 有 大大 小 隻 炒起來 不 油 不 膩 鹹酥 味道 跟 蒜香 超 下飯 讓 人 直接 一 口 接著 一 口 吃,油,膩,['Na'],['VH']
不+X1+不+X2,不 苦 不 澀,套餐 附 的 十二 金萱茶 滋味 淡雅 清甘 不 苦 不 澀 相當 解膩 搭配 不 含 沙拉 與 蔬菜類 的 經,苦,澀,['VH'],['VH']
不+X1+不+X2,不 油 不 膩,最 下 層 的 土魠魚 我 覺得 慢 煎 的 十分 恰當 不 油 不 膩 內外 軟 脆 適中,油,膩,['Na'],['VH']
不+X1+不+X2,不 甜 不 膩,不 甜 不 膩 但 太 扎實 厚重 的 填滿 腸胃,甜,膩,['VH'],['VH']
不+X1+不+X2,不 賺 不 賠,吃 麵 不一定 有 風險 用餐 不 賺 不 賠 申購 前 應 詳閱 公開 說明書,賺,賠,['VC'],['VD']
不+X1+不+X2,不 叫 不 油,大 塊 的 魚肚 肉質 鮮嫩 無 刺 無 腥味 不過 中間 的 魚油 似乎 被 刮掉 了 不少 雖然 覺得 少 了 點 什麼 但 這樣 吃起來 反而 不 叫 不 油膩,叫,油,['VF'],['Na']
不+X1+不+X2,不 油 不 膩,的 海苔 飯捲 莫非 也 是 不 油 不 膩 不 上桌,油,膩,['Na'],['VH']
不+X1+不+X2,不 多 不 代,市場 不 是 萬能 店 不 多 不 代表 跟 大眾 口味 不合,多,代,['D'],['Na']
不+X1+不+X2,不 是 不 好,並 不 是 不 好吃 的 意思,是,好,['SHI'],['VH']
不+X1+不+X2,不 乾 不 柴,雞塊 雞肝雞 胗 都 很 有 水準 的 雞肉 口感 好 不 乾 不 柴,乾,柴,['VH'],['Nb']
不+X1+不+X2,不 辣 不 太,而且 我 認為 是 麻 而 不 辣 不 太 會 吃 辣 的 應該 可以 接受,辣,太,['VH'],['Dfa']
不+X1+不+X2,不 酸 不 鹹,美紅 豆漿 的 鹹 豆漿 喝起來 比較 溫和 喝起來 比較 不 酸 不 鹹,酸,鹹,['VH'],['D']
不+X1+不+X2,不 濃 不 香,一點 都 不 濃 不 香,濃,香,['VH'],['Nb']
不+X1+不+X2,不 肥 不 瘦,屬於 不 肥 不 瘦 的 佳品,肥,瘦,['VHC'],['VH']
不+X1+不+X2,不 肥 不 膩,裡頭 的 豬肉 不 肥 不 膩 但 很 多汁 又 鮮 買 吃完 後 會 讓 人 想 再 吃 第二 隻 的 衝動 配 個 蒜頭 一定,肥,膩,['VHC'],['VH']
不+X1+不+X2,不 肥 不 膩,在 內裡頭 多汁 不 肥 不 膩 皮 又 脆脆 的 很 好 咬,肥,膩,['VHC'],['VH']
不+X1+不+X2,不 大 不 到,店 內 的 空間 不 大 不 到 二十 個 位置 還 有 個 小 閣樓 座位區,大,到,['VH'],['P']
不+X1+不+X2,不 柴 不 老,雞肉 則 是 腿肉 有點 雞 凍 吃起來 不 柴 不 老,柴,老,['Nb'],['Na']
不+X1+不+X2,不 重 不 喜,在 吃 雞腿肉 啊 跟 花雕味 調配 的 很 剛好 酒味 也 不 重 不 喜歡 酒味 太 重 的 朋友 也 會 喜歡,重,喜,['VH'],['VK']
不+X1+不+X2,不 油 不 膩,就是 一 道 表現 中規中矩 的 炒 蔬菜 不 油 不 膩 吃起來 很 清爽,油,膩,['Na'],['VH']
不+X1+不+X2,不 熟 不 一,這 個 道地 的 義式 燉飯 米芯 微 硬 跟 那 種 台式 燉飯 米芯 根本 煮 不 熟 不 一樣 松露 也 加 很,熟,一,['VH'],['Neu']
不+X1+不+X2,不 油 不 膩,內 層 的 魚肉 鮮嫩 柔滑 與 外層 的 酥脆 相互 調和 滋味 曼妙 油溫 與 時間 皆 掌握 得 恰到好處 口感 不 油 不 膩 乾爽 卻 帶有 炸物 的 香氣 十分 具有 特色,油,膩,['Na'],['VH']
不+X1+不+X2,不 油 不 膩,在來米 製成 的 麵皮 蒸 過 之後 軟度 像 麻糬 但 不會 黏 牙 清蒸 上桌 不 油 不 膩 個人 十分 喜歡,油,膩,['Na'],['VH']
不+X1+不+X2,不 好 不 壞,芝麻 泡芙 吃起來 不 好 不 壞 沒有 太 大 的 記憶點,好,壞,['VH'],['VHC']
不+X1+不+X2,不 腥 不 臊,肉質 的 部分 算是 跟 價位 相當 特別 是 羊肉 的 品質 吃起來 不 腥 不 臊 味道 也 不會 全然 沒有,腥,臊,['VH'],['VH']
不+X1+不+X2,不 油 不 膩,基本 上 就 是 簡單 的 油麵 豆芽菜 不 油 不 膩 蠻 清淡 的 建議 加 點 旁邊 的 辣椒 醬油 當作 醬汁 才 不會 太 乾 個人 覺得 較 一般 沒有 太 特別 或 出色 不過 喜歡 清爽 路線 的 朋友 可以 嘗試 看看 或許 是 你 的 愛,油,膩,['Na'],['VH']
不+X1+不+X2,不 辣 不 吃,感 可以 讓 咖哩 變 得 更 濃郁 一些 整體 調味 香 但 完全 不 辣 不 吃 辣 的 也 可以 放心 食用 但 想,辣,吃,['VH'],['VC']
不+X1+不+X2,不 油 不 膩,焙茶 奶酥 餡 甜度 不會 太 高 不 油 不 膩,油,膩,['Na'],['VH']
不+X1+不+X2,不 甜 不 膩,蛋糕體 相當 柔軟 綿密 聞 的 到 淡淡 的 草莓 香氣 鮮 奶油 濃郁 清爽 不 甜 不 膩 草莓 的 酸味,甜,膩,['VH'],['VH']
不+X1+不+X2,不 辣 不 甜,咖哩 的 味道 淡 且 不 辣 不 甜 就是 有 微 咖哩 的 氣味,辣,甜,['VH'],['VH']
不+X1+不+X2,不 苦 不 澀,所幸 是 口味 不錯 茶香 淡雅 不 苦 不 澀,苦,澀,['VH'],['VH']
不+X1+不+X2,不 甜 不 膩,正好 不 甜 不 膩 連 不 喜歡 肉桂捲 的 朋友 都 說 很 好吃,甜,膩,['VH'],['VH']
不+X1+不+X2,不 好 不 壞,去年 年初 的 俺達 之 行 或許 非 特權 人士 宵夜場 吃 了 個 不 好 不 壞,好,壞,['VH'],['VHC']
不+X1+不+X2,不 油 不 膩,鹽酥 鴨架 這 道 真的 超 下酒 鹹 鹹 酥 酥 不 油 不 膩,油,膩,['Na'],['VH']
不+X1+不+X2,不 油 不 鹹,骨湯 搭上 香蔥頭 的 風味 裡頭 也 有 些 白菜 湯頭 喝起來 比較 清爽 不 油 不 鹹,油,鹹,['Na'],['D']
不+X1+不+X2,不 油 不 膩,但是 味道 適中 不 油 不 膩 算是 可以 吃 很多 碗 的 類型,油,膩,['Na'],['VH']
不+X1+不+X2,不 油 不 膩,食記 台東 池上 好 煎炸 創意 巨大 炸 春捲 不 油 不 膩 更 顯 清爽,油,膩,['Na'],['VH']
不+X1+不+X2,不 吃 不 知,奶酥堡 他 是 寫 熟客 必 點 拉 不 吃 不 知道 一 吃 嚇一跳 超棒,吃,知,['VC'],['VK']
不+X1+不+X2,不 吃 不 知,高麗菜 蛋餅 又 一 個 不 吃 不 知道 吃到 嚇一跳 高麗菜 好 鮮甜 吃 了 幾 次 都 一樣 甜 品質 穩穩 的,吃,知,['VC'],['VK']
不+X1+不+X2,不 是 不 熟,雖然 帶有 些許 的 紅色 但 不 是 不 熟,是,熟,['SHI'],['VH']
不+X1+不+X2,不 鹹 不 油,為 沒有 什麼 鹹味 可能 適合 歲 的 老 杯杯 吃 不 鹹 不 油 一定 很 養生,鹹,油,['D'],['Na']
X+了+Y+了,棚 了 到 了,這 就 滿 普通 的 然後 洋芋 貌似 跑 錯 棚 了 到 了 羊排 這,棚,到,['Na'],['P']
X+了+Y+了,味 了 咬 了,這時 只 差 甜味 了 咬 了 一 口 鰻魚 後 炙燒 後 的 表皮 因為 黑糖 而 更 酥脆 香甜 有 紅,味,咬,['Na'],['VC']
X+了+Y+了,吃 了 加 了,椰菜醬 吃起來 會 有 一點點 淡淡 咖哩 的 錯覺 不用 加 醬 就 很 好吃 了 加 了 可以 轉換 口味 也,吃,加,['VC'],['VC']
X+了+Y+了,瘦 了 放 了,嘉義 黃牛 菲力 威靈頓 台灣 牛 的 菲力 肉質 又 更 精瘦 了 放 了 少許 肥 肝 與 風乾 火腿 來 平衡,瘦,放,['VH'],['VC']
X+了+Y+了,心 了 選 了,這 一 份 自由 配 貪心 了 選 了 有 舒肥 雞胸肉 鮭魚 鮪魚,心,選,['Na'],['VC']
X+了+Y+了,用 了 加 了,店 內 還 蠻 多 沾醬 的 可以 搭配 沾本 胖 用 了 加 了 蒜頭 的 醬油 非常 的 下飯,用,加,['P'],['VC']
X+了+Y+了,忘 了 拍 了,這 道 我 吃完 才 發現 我 忘 了 拍 了 啦,忘,拍,['VK'],['VC']
X+了+Y+了,季 了 吃 了,應該 是 鮪魚季 了 吃 了 種 不同 鮪魚 部位,季,吃,['Nd'],['VC']
X+了+Y+了,來 了 來 了,來 了 來 了 這 天 點 的 最 貴 的 料理 是 店員 相當 推薦 的 經典 慢 燉 羊膝 橘紅色 的 咖哩 一 隻 大大 的 羊膝 上頭 還 點綴 著 金箔 樣子 超 美 聞 著 香氣 也 令 人 巴不得 就 立即 開吃 但 店員 說 上桌 先 上 我們 拍照 拍好 了 再 幫 我們 收去 去骨 後 送上 頗 貼心,來,來,['VA'],['VA']
X+了+Y+了,光 了 問 了,有的 餐點 吃完 大約 左右 此時 甜點區 的 布丁 與 甜塔類 全 被 都 被 拿光 了 問 了 一下 服,光,問,['Da'],['VE']
X+了+Y+了,的 了 吃 了,目前 有 特色 的 鍋物 個人 最 愛 撈 王 想不到 其他 的 了 吃 了 好,的,吃,['DE'],['VC']
X+了+Y+了,出 了 拖 了,推出 了 拖 了 好 久 終於 也 有 時間 過來 嚐 鮮 吃 一下 味道 上 還 算是,出,拖,['VJ'],['VC']
X+了+Y+了,久 了 約 了,還是 一 個 朋友 說 有 家 餐廳 她 念 茲 在 茲 想 去 很 久 了 約 了 才 發現 松菸 還 有 這 方 天地,久,約,['VH'],['Da']
X+了+Y+了,裡 了 滷 了,厲害 的 就 是 這裡 了 滷 了 兩 個 小時,裡,滷,['Ncd'],['VC']
X+了+Y+了,完 了 忘 了,透明 袋 上 完全 無 標示 與 泉興行 的 很 像 吃完 了 忘 了 拍 圖,完,忘,['VH'],['VK']
X+了+Y+了,開 了 年 了,新店 民權路 這 家 莞固 和食 開 了 年 了,開,年,['VC'],['Na']
好+v1+好+v2,好 長 好 長,變成 好 長 好 長 的 一 條 麵粉捲,長,長,['VH'],['VH']
好+v1+好+v2,好 不 好 停,同 在 台灣 大道 附近 好 不 好 停車 差 很多,不,停,['D'],['VHC']
好+v1+好+v2,好 滑 好 順,仙草 好 滑 好 順口 估 溜 一下 就 滑進 喉嚨 裡面 甜味 不 膩 挺 不錯 吃 的,滑,順,['VH'],['VJ']
好+v1+好+v2,好 軟 好 嫩,這 糖醋 肉熊仔 霹哩啪拉 愛 這 口感 因為 完全 沒 筋 咬下去 好 軟 好 嫩 外頭 的 皮 是 比較 厚 一,軟,嫩,['VH'],['VH']
好+v1+好+v2,好 想 好 想,但 這 天 真的 好 想 好 想 吃 土魠魚 焿,想,想,['VE'],['VE']
好+v1+好+v2,好 濃 好 香,味道 上 除了 可以 享受到 花生 顆粒 外 花生醬 的 香味 好 濃 好 香 醬料 中 還 有 甜甜 的 味道 更 引,濃,香,['VH'],['Nb']
好+v1+好+v2,好 逛 好 買,好 逛 好 買 可以 當做 散步 行程 一起,逛,買,['VC'],['VC']
好+v1+好+v2,好 遠 好 遠,可惜 這 身份 已經 離 我 好 遠 好 遠,遠,遠,['VH'],['VH']
好+v1+好+v2,好 茶 好 喜,喝 一 杯 好 茶 但是 又 不 貴 的 好茶 這 天 黛西 隨著 台中 友人 的 腳步 來到 中美街 與 公正路 轉角處 的 理茶 品 了 一 杯 好 茶 好 喜歡 一定 要 推薦給 你們 要 說 如果 下 次 再 來 台中 要 喝 什麼 如果 順利 我 一定 會 再 來 喝 一 次 理茶 而且 店 內 就 有 座位區 充滿 質感 的 設計 還 附 店 內 插座 讓 客人 可以 立飲 充電 貼心度 爆表,茶,喜,['Na'],['VK']
好+v1+好+v2,好 哦 好 哦,好 哦 好 哦 收入 口袋 名單,哦,哦,['I'],['I']
好+v1+好+v2,好 不 好 很,每 個 人 的 需求 不同 所以 好 不 好 很 難說,不,很,['D'],['Dfa']
好+v1+好+v2,好 米 好 魚,搭上 圓滾 飽滿 的 新潟 米 作為 賣點 佐渡弁慶 雖 是 簡單 直接 然而 好 米 好 魚 也 有 了 一定 的,米,魚,['Na'],['Na']
好+v1+好+v2,好 飽 好 飽,涓豆腐 的 每 一 道 小菜 都 可以 無限 續 而且 每 一 樣 都 好吃 前面 吃 小菜 吃 了 一 堆 導致 後面 吃 主餐 的 時候 一直 覺得 好 飽 好 飽 而且 不管 是 泡菜 還是 海帶 看起來 會 辣 但 卻 不會 很 辣,飽,飽,['VH'],['VH']
好+v1+好+v2,好 不 好 停,不過 平常 路過 的 時候 都 停 得 滿滿 的 所以 好 不 好 停車 可能 還是 要 看看 運氣,不,停,['D'],['VHC']
好+v1+好+v2,好 遠 好 遠,二樓 則 是 視野 最 好 的 地方 天氣 好 的 時候 可以 看好 遠 好 遠,遠,遠,['VH'],['VH']
好+v1+好+v2,好 不 好 停,至於 附近 好 不 好 停車 這 個 也 無從 得知,不,停,['D'],['VHC']
好+v1+好+v2,好 嫩 好 新,龍膽魚 好 嫩 好 新鮮 根本 不用 沾 任何 的 東西 就 很 好吃 沾 點 鹽 只是 讓 口感 味覺 更 豐富,嫩,新,['VH'],['VH']
好+v1+好+v2,好 酥 好 脆,本 以為 他 只 是 個 美式 軟 餅乾 不過 吃起來 好 酥 好 脆 呀 鐵觀音 味 不 重 整 個 還是 酥脆 餅乾,酥,脆,['VH'],['VH']
好+v1+好+v2,好 忙 好 新,總體 而言 太 久 沒 吃 韓式 烤 肉 所以 覺得 好 忙 好 新鮮,忙,新,['VH'],['VH']
好+v1+好+v2,好 彈 好 甜,季節 限定 的 小卷 已經 到 了 尾聲 囉 這 是 基隆 港口 產地 直 送 的 吃起來 好 彈 好 甜 呀,彈,甜,['VC'],['VH']
好+v1+好+v2,好 久 好 久,不能 出國 以後 真的 是 找 了 好 久 好 久 的 韓式 水冷麵,久,久,['VH'],['VH']
好+v1+好+v2,好 乖 好 慵,還 有 一 隻 可愛 的 店狗 林春桃 是 一 隻 一 歲 多 的 伯恩山犬 當天 好 乖 好 慵懶 一直 都 躺 在 地,乖,慵,['VH'],['Na']
好+v1+好+v2,好 香 好 甜,喔 好 好吃 好 香 好 甜 好 抹茶,香,甜,['Nb'],['VH']
好+v1+好+v2,好 不 好 也,肉餡 吃起來 還好 不 好 也 不 壞,不,也,['D'],['D']
好+v1+好+v2,好 酥 好 酥,他們 炸 得 都 很 剛好 完全 不 油 外皮 好 酥 好 酥 喜歡 地瓜球 的 朋友 一定 也 超 愛,酥,酥,['VH'],['VH']
好+v1+好+v2,好 香 好 鮮,首先 是 那 蕃茄 的 湯頭 好 香 好 鮮美 上頭 應該 是 土托魚 無 刺肉 大 塊 剛 炸 起來 也 酥酥 好吃,香,鮮,['Nb'],['VH']
好+v1+好+v2,好 搭 好 好,在 上 甜點 前 服務生 先 送上 了 水果 拼盤 這 一 盤 中 有 百香果 西瓜 鳳梨 跟 香瓜 除了 百香 果汁 外 每 一 種 水果 都 非常 甜 不過 百香果 可是 有 再 淋上 蜂蜜 的 所以 吃起來 也 多 了 一 層 蜂蜜 香 水果 一樣 也 是 可以 無限 續 像 我 自己 是 又 多 續 了 一 份 蜂蜜 百香果 覺得 好 搭 好 好吃,搭,好,['VC'],['VH']
好+v1+好+v2,好 挖 好 冰,種 口味 好吃 好 挖 好 冰,挖,冰,['VC'],['Na']
一+q1+一+q2,一 柱 一 石,園區 內 的 一 柱 一 石 都 是 阿將 親手 打造 自從 對 外 開放 後 假日 可以 說 是 滿滿 的 人潮 不過,柱,石,['Na'],['Nb']
一+q1+一+q2,一 組 一 組,開放 進場 時 帶 位 人員 會 一 組 一 組 的 慢慢 帶進 園區 進入 時 帶 位 人員 會 稍微 介紹 園 內 環境,組,組,['Nc'],['Nc']
一+q1+一+q2,一 桌 一 次,菜單 一 桌 一 次 會 有 道 小吃 大家 一起 享用 所以 菜單 並 沒有 固定,桌,次,['Na'],['Nes']
一+q1+一+q2,一 個 一 個,這 次 安排 的 位子 在 窗 邊 有 一點 一 個 一 個 包廂 的 感覺,個,個,['Nf'],['Nf']
一+q1+一+q2,一 葷 一 素,但 一 葷 一 素 就 會 在 上面 特別 做 標記,葷,素,['VH'],['D']
一+q1+一+q2,一 打 一 顧,這 次 趁著 平日 一 打 一 顧 小孩 小孩 在 推車 上 睡著,打,顧,['VC'],['VK']
一+q1+一+q2,一 人 一 尾,小 花枝 怎麼 這麼 可愛 又 好吃 一 人 一 尾 剛好 滿足,人,尾,['Na'],['Na']
一+q1+一+q2,一 人 一 顆,不過 就 一 人 一 顆 不 過癮 啦,人,顆,['Na'],['Nf']
一+q1+一+q2,一 層 一 層,梳片 脆 蘿蔔 刀工 好 咬起來 不止 有 脆 還 有 一 層 一 層 的 口感 醃 得 很 棒 不會 太 鹹 但是 又 有 層次 很 好吃,層,層,['Na'],['Na']
一+q1+一+q2,一 送 一 結,巨城 的 完全 不用 排隊 而且 還 有 泰式 奶茶 買 一 送 一 結帳 時 還 送 了 優惠 餐券 可,送,結,['VD'],['Na']
一+q1+一+q2,一 刀 一 刀,錦繡 菊花 清 雞湯 天呀 看到 這 到 我 真的 是 超 興奮 因為 在 訂 萬豪 酒店 宴客樓 豪舒 鴨 專案 的 時候 根本 就 不 知道 菜單 內容 是 什麼 而 看到 這 到 錦繡 菊花 清 雞湯 完全 勾起 了 我 在 看 料理 之 王 的 菊花 豆腐 比賽 那 種 用 一 刀 一 刀 劃 在 豆腐 上 的 細絲 根根 分明 還要 維持 比例 大小 一模一樣 的 精緻 刀工 沒有 千萬 個 細心 跟 穩紮穩打 的 練習 絕對 是 做不 到 的,刀,刀,['Na'],['Na']
一+q1+一+q2,一 個 一 個,隨著 現在 疫情 又 升溫 起來 年前 的 聚會 感覺 也 一 個 一 個 消失 了 啊,個,個,['Nf'],['Nf']
一+q1+一+q2,一 車 一 人,須 攜帶 證件 至 管制站 填寫 基本 資料 一 車 一 人 辦理 即可,車,人,['Na'],['Na']
一+q1+一+q2,一 心 一 葉,蜜香 紅茶 很 好喝 我 很 喜歡 是 用 很 嫩 的 一 心 一 葉 製成 如果 小朋友 想 喝 我 會 再 加 家 裡,心,葉,['Na'],['Nb']
一+q1+一+q2,一 人 一 爐,面壁 設計 一 人 一 爐 不 相 干擾,人,爐,['Na'],['Na']
一+q1+一+q2,一 人 一 套,用餐 時間 分鐘 低消 為 一 人 一 套餐,人,套,['Na'],['VC']
一+q1+一+q2,一 口 一 口,但 搭配 微微 甜味 的 醬汁 後 變 得 非常 的 唰 嘴 帶 點 黏黏 的 口感 搭配 醬汁 一 口 一 口 啃 著 不 知,口,口,['Na'],['Na']
一+q1+一+q2,一 份 一 份,魚捲 做成 一 份 一 份 很 適合 多 人 分享,份,份,['Na'],['Na']
一+q1+一+q2,一 品 一 人,勁 的 口感 搭配 著 啤酒 真的 是 居酒屋 必 點 的 一 品 一 人 一 串 還是 覺得 有點 意猶未盡,品,人,['Na'],['Na']
一+q1+一+q2,一 人 一 串,每 到 燒烤店 必 點 的 雞 脖子 肉 爽脆 的 口感 夾帶 著 些許 的 甜味 自然 也 是 要 一 人 一 串 但來,人,串,['Na'],['VC']
一+q1+一+q2,一 杯 一 杯,一 杯 一 杯 慢慢 喝 然後 再 坐 輕軌 回家,杯,杯,['Na'],['Na']
一+q1+一+q2,一 湯 一 飯,以前 窮學生 時代 只 能 點 一 湯 一 飯,湯,飯,['Na'],['Na']
一+q1+一+q2,一 片 一 片,一 片 一 片 的 虱目魚 口感 相當 滑嫩,片,片,['Na'],['Na']
一+q1+一+q2,一 片 一 片,則 是 這 一 片 一 片 的 部位,片,片,['Na'],['Na']
一+q1+一+q2,一 片 一 片,這 一 片 一 片 的 部位,片,片,['Na'],['Na']
一+q1+一+q2,一 人 一 盤,一 人 一 盤 剛剛 好 的 概念,人,盤,['Na'],['Na']
一+q1+一+q2,一 湯 一 乾,點 了 大 碗 意麵 一 湯 一 乾 一 個 加 餛飩 一 個 加 滷蛋,湯,乾,['Na'],['VH']
一+q1+一+q2,一 景 一 物,眾 拍照 留念 甚至 在 飽餐一頓 之後 在 社區 內 走走 感受 像 被 時間 凍結 的 一 景 一 物 也 是,景,物,['Na'],['Na']
一+q1+一+q2,一 口 一 個,約莫 是 一 口 一 個 的 大小,口,個,['Na'],['Nf']
一+q1+一+q2,一 咬 一 整,春風 德意腸 這 道 也 超 美 的 剛 上桌 時 覺得 好像 沒 什麼 特別 一 咬 一 整 個 口感 好多 層,咬,整,['VC'],['Neqa']
一+q1+一+q2,一 絲 一 絲,雞火 豆腐絲 這 個 也 是 超級 功夫菜 把 豆腐 切 的 一 絲 一 絲 的,絲,絲,['Na'],['Na']
一+q1+一+q2,一 湯 一 飯,推 小楊 真的 是 良心 好 店 只 賣 一 湯 一 飯 一 粉 但 都 好吃,湯,飯,['Na'],['Na']
一+q1+一+q2,一 人 一 鍋,鍋底 有 很多 種 貼心 提供 一 人 一 鍋 四 個 人 來 用餐 就 能 一 次 享有 四 種 口味 的 湯底,人,鍋,['Na'],['Na']
一+q1+一+q2,一 條 一 條,一 條 一 條 不 小心 就 殲滅 一 整 包,條,條,['Nf'],['Nf']
一+q1+一+q2,一 有 一 點,双妃 奶茶 的 飲料 是 水龍頭式 的 跟 樺達 奶茶 一樣 據說 因為 老闆 曾 是 樺達 奶茶 員工 所以 才 有 如此 致敬 的 做法 全部 飲料 都 不 加 冰塊 所以 喝到 的 幾乎 都 是 純 茶 唯一 有 一 點 就 是 他們 家 用 的 是 味全 鮮乳 還 蠻 多 人 在意 的 但 如果 在意 的話 就 不要 來 喝 啦,有,點,['V_2'],['VC']
一+q1+一+q2,一 道 一 道,但 沒 吃 過 的 人 就 必須 一 道 一 道 問,道,道,['Na'],['Na']
一+q1+一+q2,一 顆 一 顆,吃 的 到 一 顆 一 顆 的 蝦乾 和 章魚乾,顆,顆,['Nf'],['Nf']
一+q1+一+q2,一 對 一 教,是 我 的 一 對 一 教練 推薦 的 燒烤店,對,教,['P'],['VC']
一+q1+一+q2,一 期 一 會,路過 順便 試 一下 跟 一 期 一 會 的 模式 很 像 一 個 價格 讓 你 自己 圈要 什麼 壽司,期,會,['VK'],['D']
一+q1+一+q2,一 口 一 顆,妙 一 口 一 顆 很 快 又 嗑完 一 串,口,顆,['Na'],['Nf']
一+q1+一+q2,一 份 一 份,店 內 主要 的 食物 就 是 肉圓 一 次 一定 要 點 一 份 一 份 是 個 元 另外 還 有 超級 銅板價 的 油豆腐湯 丸仔湯 綜合 湯 都 是 元一 碗 湯 的 價格 超 可愛 的 拉,份,份,['Na'],['Na']
一+q1+一+q2,一 片 一 片,本來 以為 是 海苔粉 綠綠 的 那 種 沒想到 真的 是 歐嚕嚕 一 片 一 片 的 海苔,片,片,['Na'],['Na']
一+q1+一+q2,一 人 一 份,或者 是 需要 聊天 場合 大家 一 人 一 份,人,份,['Na'],['Na']
一+q1+一+q2,一 進 一 出,疫情 期間 採 一 進 一 出 客人 買 好 出來 後 後續 排隊 的 人 就 再 進去,進,出,['VC'],['VJ']
一+q1+一+q2,一 人 一 盤,這 次 點 的 是 三 人 組合 套餐 元 蔬菜 仍然 以 一 人 一 盤 的 方式 供應,人,盤,['Na'],['Na']
一+q1+一+q2,一 個 一 個,菜單 約 起跳 義大利麵 則 是 就 點 了 一 個 一 個 義大利麵 升級 一,個,個,['Nf'],['Nf']
一+q1+一+q2,一 個 一 個,製 糕 穀粉 要 另外 包起來 希望 客人 要 吃 才 現場 蘸 切糕 也 都 一 個 一 個 秤重 入口 時 要 用,個,個,['Nf'],['Nf']
一+q1+一+q2,一 品 一 湯,食記 雲林 麥寮 一 品 一 湯包 一 籠 元 很 平價,品,湯,['Na'],['Na']
一+q1+一+q2,一 品 一 湯,餐廳 名稱 一 品 一 湯包,品,湯,['Na'],['Na']
一+q1+一+q2,一 品 一 湯,麥寮 美食 一 品 一 湯包 主打 鮮肉 湯包 也 有 賣 雞肉飯 爌肉飯 價格 蠻 便宜 的 湯包 好吃,品,湯,['Na'],['Na']
一+q1+一+q2,一 品 一 湯,一 品 一 湯包 店 外觀,品,湯,['Na'],['Na']
一+q1+一+q2,一 品 一 湯,一 品 一 湯包 用餐 環境,品,湯,['Na'],['Na']
一+q1+一+q2,一 品 一 湯,一 品 一 湯包 菜單,品,湯,['Na'],['Na']
一+q1+一+q2,一 間 一 間,其實 他 是 一 間 一 間 的 往 下 走 的 小木屋,間,間,['Ng'],['Ng']
一+q1+一+q2,一 人 一 杯,低消 限制 每 一 人 一 杯 飲料,人,杯,['Na'],['Na']
一+q1+一+q2,一 期 一 耕,米飯 則 是 採用 宜蘭 一 期 一 耕 的 原鴨米 口感 粒粒 分明 又 彈 可口 豬油 香氣 十,期,耕,['VK'],['VA']
一+q1+一+q2,一 層 一 層,其中 馬鈴薯 超 特別 外 酥 內 軟 吃起來 很 像 一 層 一 層 堆疊 起來 的 口感 搭配 的 醬汁 白 花,層,層,['Na'],['Na']
一+q1+一+q2,一 籠 一 籠,素方餅 但 當時 因為 疫情 才 剛 開放 所以 就 沒 一 籠 一 籠 掀蓋 拍照 了,籠,籠,['Na'],['Na']
一+q1+一+q2,一 期 一 會,如果 是 熱愛 海鮮 喜歡 食材 本身 原味 推薦 一 期 一 會 割烹,期,會,['VK'],['D']
一+q1+一+q2,一 顆 一 顆,這 個 口味 我 是 從來 沒有 吃 過 打開 蓋子 就 看見 桂圓 一 顆 一 顆 的 散 在 各 處 搭配 著 芒果 鮮豔 的,顆,顆,['Nf'],['Nf']
一+q1+一+q2,一 粒 一 粒,一 粒 一 粒 類似 絞肉 的 口感 具有 層次 而 酸黃瓜 扮演 著 很 重要 的 提味 角色 所以 和 起司 和,粒,粒,['Nf'],['Nf']
一+q1+一+q2,一 道 一 口,唯一 一 道 一 口 一貫 爆發感 卻 很 含蓄 接近 鮪魚 大腹 那樣 強而有力 的 油脂 衝擊 但 香氣,道,口,['Na'],['Na']
一+q1+一+q2,一 顆 一 顆,這 玩意 也 很少 在 平價 的 壽司店 看到 簡單 來 說 這 跟 一 顆 一 顆 的 鮭魚 卵 比較 不 一樣 的 是 還 保,顆,顆,['Nf'],['Nf']
一+q1+一+q2,一 任 一 品,先 附上 菜單 給 各位 參考 這裡 的 冰品 價位 座落 在 元 至 元 不等 跟 一般 的 網美 冰品店 價格 差不多 另外 低消 則 是 一 人 需 點 一 任 一 品項 不管 是 甜點 飲料 或 冰品 都 可以,任,品,['VL'],['Na']
一+q1+一+q2,一 種 一 鍋,只 能 炒 一 種 一 鍋 炒飯 一 鍋 炒 料,種,鍋,['VC'],['Na']
一+q1+一+q2,一 收 一 放,香 一 收 一 放 搭配 得宜,收,放,['VC'],['VC']
一+q1+一+q2,一 鍋 一 燒,本 胖 這 次 選用 的 鍋子 是 一 鍋 一 燒 的 鍋子 應該 就 是 火烤 兩用 的 縮小版,鍋,燒,['Na'],['VC']
一+q1+一+q2,一 口 一 顆,來到 這裡 必 點 芋圓 仙草 奶凍 吃 得 到 純 手工 巨無霸 台中 大甲 芋圓 以及 金山 地瓜圓 一 口 一 顆 真的 超級 過癮 的 啦,口,顆,['Na'],['Nf']
一+q1+一+q2,一 口 一 塊,這 芋泥 肉鬆 蛋餅 真的 是 好好 吃 一 口 一 塊 吃 在 嘴 裡 時 可以 感受到 蛋餅 的 嫩 芋泥 的 滑順 以及 肉鬆 的 鹹 香 三 種 美味 合一 真的 是 不錯,口,塊,['Na'],['Nf']
一+q1+一+q2,一 人 一 主,低消 一 人 一 主食 以下 者 不在此限,人,主,['Na'],['Na']
一+q1+一+q2,一 人 一 主,低消 規定 低消 一 人 一 主食,人,主,['Na'],['Na']
一+q1+一+q2,一 人 一 份,這裡 的 點法 是 點湯 會 附 個 主食 變 套餐 多 飲料 我 自己 沒 加 覺得 值 低 一 人 一 份 餐,人,份,['Na'],['Na']
一+q1+一+q2,一 張 一 張,自助 點餐機 建議 一 張 一 張 點餐 店員 才 比較 好 辨識 是 誰 的 餐點 位子 也 比較 好 排 歐,張,張,['Nb'],['Nb']
一+q1+一+q2,一 湯 一 飯,幾 菜 一 湯 一 飯 全 員 搞定,湯,飯,['Na'],['Na']
一+q1+一+q2,一 人 一 盅,鮮味 用料 還 算 新鮮 但 這 跟 我 認知 的 佛跳牆 有 太 大 的 差異 不過 看 在 他 是 一 人 一 盅 的 情,人,盅,['Na'],['Na']
一+q1+一+q2,一 期 一 會,食記 台北 板前 壽司 南京 復興站 一 期 一 會 割 烹,期,會,['VK'],['D']
一+q1+一+q2,一 期 一 會,餐廳 名稱 一 期 一 會 割 烹,期,會,['VK'],['D']
一+q1+一+q2,一 期 一 會,個 月 前 造訪 過 一 期 一 會 鮨 這 次 來 吃 對面 的 一 期 一 會 割烹,期,會,['VK'],['D']
一+q1+一+q2,一 道 一 小,吃完 一 道 還 沒 回味完 馬上 就 會 接著 下 一 道 一 小時 就 吃完 道,道,小,['Na'],['VH']
一+q1+一+q2,一 期 一 會,一 期 一 會 鮨 自選 壽司 貫貫 選擇 自己 喜愛 的 食材 可以 預期 今天,期,會,['VK'],['D']
一+q1+一+q2,一 期 一 會,一 期 一 會 割烹 人 熟食 和 料理 變化性 比較 多 吃 無 菜單 料理 像 坐 雲霄飛車,期,會,['VK'],['D']
一+q1+一+q2,一 大 一 小,點 了 一 大 一 小 的 肉燥飯 送上桌 看 肉燥 滷 得 顏色 極 入味 一顆顆 方方 油亮 的 肥肉 吃起來 略帶 有 彈 口感 及 微微 的 膠質感 整體 吃起來 不會 太 鹹 膩 而且 很 意外 的 沒有 太多 的 台南 甜 是 一 晚 一般人 都 很 可以 接受 的 肉燥飯,大,小,['VH'],['VH']
一+q1+一+q2,一 層 一 層,蝦子 烏魚子 鹹蛋黃 與 海苔 等等 一 層 一 層 的 包入 餡料 這 道 餐點 果 如 其 名,層,層,['Na'],['Na']
一+q1+一+q2,一 人 一 片,點好 餐 後 店員 立即 端上 招待 的 窯烤 脆餅 一 人 一 片 脆餅 上 一 顆 一 顆 凸凸 的 模樣 看起來 有點 療癒 吃起來 的 口感 是 薄脆 的 每 一 口 都 充滿 著 香料味 香氣 濃厚 感覺 有 多 種 香料 組成 但 問 了 店員 店員 只 說 了 主要 是 茴香 讓 我 有點 疑惑 那 多 種 香氣 的 味道 到底 哪 有 哪些 是 一 個 讓 人 充滿 好奇 的 好吃 脆餅,人,片,['Na'],['Na']
一+q1+一+q2,一 人 一 碗,理 也 調味 得 不錯 平均 一 個 人 吃下來 就 可以 吃 得 很 豐盛 如果 要 省錢 一 人 一 碗 主食板,人,碗,['Na'],['Na']
一+q1+一+q2,一 人 一 杯,低消 是 一 人 一 杯 飲品 限時 兩 小時,人,杯,['Na'],['Na']
一+q1+一+q2,一 口 一 個,多汁 小捲 咪咪 真的 有夠 迷你 但 鮮味 十足 一 口 一 個 很 過癮,口,個,['Na'],['Nf']
一+q1+一+q2,一 格 一 格,一樓 是 廚房 二樓 是 座位 座位 都 是 一 格 一 格 的 這 種 隱私性 夠,格,格,['Na'],['Na']
一+q1+一+q2,一 麻 一 辣,第二 次 就 是 在 墨爾本 吃 一 麻 一 辣,麻,辣,['Na'],['VH']
一+q1+一+q2,一 層 一 層,使用 放置 一 年 的 西螺 在來米 浸泡 磨成 米漿 一 層 一 層 很 搞 剛 地 蒸 中間 用 米漿 染色 從 原,層,層,['Na'],['Na']
一+q1+一+q2,一 串 一 串,一 串 一 串 下去 煮 也 是 滿 壯觀 雖然 個人 覺得 麻辣 串串 稍微 有點 浪費 叉子,串,串,['VC'],['VC']
一+q1+一+q2,一 人 一 串,就 直接 隨意 拿 直接 吃 了 一 人 一 串 一 下 就 沒 了,人,串,['Na'],['VC']
一+q1+一+q2,一 層 一 層,肉桂味 我 覺得 適中 偏 濃 但 不會 讓 人 覺得 太過 熊仔 很 喜歡 不論 是 一 層 一 層 扒開 吃 還,層,層,['Na'],['Na']
一+q1+一+q2,一 的 一 間,十二月 的 高雄 首 店 也 是 唯一 的 一 間 店 就 開 在 大立 百貨館樓,的,間,['DE'],['Ng']
一+q1+一+q2,一 男 一 女,水里 二 坪 冰店 的 招牌 有 一 男 一 女 的 原住民版 人偶 好 可愛 門口處 就 有 很多 停車場 可以 停 其實 附近 停車場 不只 門口 這 個 還 有 第一 第二 第三 第四 停車場 山 上 就 是 這樣 地 大 停車場 也 多 很 方便,男,女,['Na'],['Na']
一+q1+一+q2,一 口 一 口,一 口 一 口 細 品 慢 嚐 順便 抹 一下 剛剛 泡芙 內 的 抹茶醬,口,口,['Na'],['Na']
一+q1+一+q2,一 口 一 口,和 牛肉片 我 沒 沾醬 要 細細 一 口 一 口 品嘗 體會 舌尖 上 的 不凡 滋味 呀,口,口,['Na'],['Na']
一+q1+一+q2,一 人 一 個,一 人 一 個 爐 慢慢 烤,人,個,['Na'],['Nf']
一+q1+一+q2,一 人 一 份,份量 差不多 一 人 一 份,人,份,['Na'],['Na']
一+q1+一+q2,一 人 一 顆,燒賣 一 人 一 顆 算是 用來 吃 口感 之 用,人,顆,['Na'],['Nf']
一+q1+一+q2,一 期 一 會,價格 不 高 輕鬆 聊天 吃飯 的 地方 與 忻鮨 一 期 一 會 禹立鮨 差不多 消費,期,會,['VK'],['D']
一+q1+一+q2,一 天 一 夜,吃 一 頓 飽 以後 結束 高雄 的 一 天 一 夜 要 準備 北上 了 阿,天,夜,['Nc'],['Nd']
一+q1+一+q2,一 送 一 好,買 一 送 一 好 划算 阿,送,好,['VD'],['VH']
一+q1+一+q2,一 口 一 個,可以 一 口 一 個,口,個,['Na'],['Nf']
一+q1+一+q2,一 景 一 物,細 品味 著 多 年 前 去 釜山 時 的 一 景 一 物 因此 在 聽說 花蓮 有 開 韓式 炸雞 之後 就 讓 我 想起 了,景,物,['Na'],['Na']
一+q1+一+q2,一 人 一 隻,一 人 一 隻 慢慢 品嚐,人,隻,['Na'],['Nf']
一+q1+一+q2,一 塊 一 塊,鮪魚 市場 的 主打 鮪魚 主心 骨 刮 肉 配 醋飯 與 海苔 自己 拿 木勺 一 塊 一 塊 刮下,塊,塊,['Nf'],['Nf']
一+q1+一+q2,一 道 一 道,看到 超值 組合 我 這 歐巴桑 心態 又 犯 了 感覺 很 划算 耶 不然 一 道 一 道 有 轉 現省,道,道,['Na'],['Na']
一+q1+一+q2,一 肥 一 瘦,一 肥 一 瘦 整體 的 口感 不錯 真的 是 非常 好吃 推薦 必 點 這 一 道,肥,瘦,['VHC'],['VH']
一+q1+一+q2,一 絲 一 絲,泥狀 中 又 有 一 絲 一 絲 的 口感,絲,絲,['Na'],['Na']
一+q1+一+q2,一 顆 一 顆,雖然 上頭 寫入 但 還是 可以 一 顆 一 顆 買 拉 我們 就 可以 嘗試 更多 口味 的 司康,顆,顆,['Nf'],['Nf']
一+q1+一+q2,一 塊 一 塊,鮮美 浮誇 牛舌 切成 一 塊 一 塊 地 相當 氣派 牛舌 先 烤 三 分 熟 後 還要 拿起來 靜,塊,塊,['Nf'],['Nf']
一+q1+一+q2,一 步 一 步,古蹟 巡禮 不 就 該 一 步 一 步 走 嗎,步,步,['Nf'],['Nf']
一+q1+一+q2,一 來 一 回,但 送餐 時間 一 來 一 回 覺得 有點 慢 而且 肉品 上桌 不 吃 感覺 也 很 浪費 所以 就 沒 退回 了,來,回,['VA'],['Nb']
一+q1+一+q2,一 個 一 個,一樣 直接 點 真的 要 一 個 一 個 問 也 很 困擾,個,個,['Nf'],['Nf']
一+q1+一+q2,一 口 一 口,比較 像是 路邊麵攤 切 小菜 沾 醬油 辣油 的 概念 一 口 一 口 吃起來 很 涮嘴 底下 會 比較 針對,口,口,['Na'],['Na']
一+q1+一+q2,一 個 一 個,客人 也 陸續 一 個 一 個 前來 購買,個,個,['Nf'],['Nf']
一+q1+一+q2,一 人 一 桌,用餐 的 區域 就 是 店面 正 前方 的 公共 用餐區 由於 疫情 的 關係 所以 採用 一 人 一 桌 每 一 桌 的,人,桌,['Na'],['Na']
一+q1+一+q2,一 期 一 會,期待 已 久 的 草莓 杯杯 上桌 店主 每 年 冬季 都 會 推出 不同 口味 的 草莓 帕菲 一 年 的 一 期 一 會,期,會,['VK'],['D']
一+q1+一+q2,一 人 一 份,最後 店家 還 送 一 人 一 份 的 禮物 是 一 個 包裝 滿 精美 的 茶葉 辦手禮 讓 人 在 用餐 結束 有 種 禮,人,份,['Na'],['Na']
一+q1+一+q2,一 人 一 杯,接下來 還 會 上 一 人 一 杯 果醋 和 甜點,人,杯,['Na'],['Na']
一+q1+一+q2,一 面 一 面,沒有 一 面 一 面 拍 但 繽紛 泰 的 分類 有 蔬菜 牛雞肉 涼拌 海鮮湯 甜點 飲料,面,面,['Na'],['Na']
一+q1+一+q2,一 塊 一 塊,接下來 是 綠 咖哩雞 送上來 的 時候 我 想 說 那 個 一 塊 一 塊 的 不 是 馬鈴薯 吧 但 又 看 不 出來 是,塊,塊,['Nf'],['Nf']
一+q1+一+q2,一 點 一 點,一 點 一 點 小 黑點 隨著 火焰 和 溫度 探出 了 頭 香氣 四溢,點,點,['VC'],['VC']
一+q1+一+q2,一 球 一 球,一 球 一 球 白呼呼 的 麵糰,球,球,['Na'],['Na']
一+q1+一+q2,一 人 一 隻,我們 人 份量 大約 一 人 一 隻,人,隻,['Na'],['Nf']
一+q1+一+q2,一 人 一 塊,兩 隻 小可愛 一 人 一 塊 吃光,人,塊,['Na'],['Nf']
一+q1+一+q2,一 增 一 減,黑芝麻 一 嚐 淋上 的 黑糖 配 得 剛好 胡麻豆腐 本來 就 稍減 甜度 一 增 一 減 風味 巧妙 溫,增,減,['VJ'],['VJ']
一+q1+一+q2,一 家 一 家,近年 來 韓風 料理 崛起 就 像 雨後春筍 般 一 家 一 家 開 相比 之下 日式 料理 感覺 有點 逐漸式,家,家,['Nc'],['Nc']
一+q1+一+q2,一 塊 一 口,青甘 也 就 是 鰤魚 這 個 青甘 腹 切 的 很 大 一 塊 一 口 可能 不 容易 吃,塊,口,['Nf'],['Na']
一+q1+一+q2,一 口 一 個,比較 少 的 人 會 覺得 切成 小 塊 一 口 一 個 剛剛 好 所以 才 會 這樣 切,口,個,['Na'],['Nf']
一+q1+一+q2,一 塊 一 塊,挖起來 是 相對 完整 的 不會 自己 斷成 一 塊 一 塊,塊,塊,['Nf'],['Nf']
一+q1+一+q2,一 隻 一 歲,還 有 一 隻 可愛 的 店狗 林春桃 是 一 隻 一 歲 多 的 伯恩山犬 當天 好 乖 好 慵懶 一直 都 躺 在 地,隻,歲,['Nf'],['Nf']
一+q1+一+q2,一 盒 一 盒,除了 一 盒 一 盒 外 也 有 散裝 秤斤 油飯,盒,盒,['Na'],['Na']
一+q1+一+q2,一 人 一 碗,青木瓜 排骨湯 一 人 一 碗,人,碗,['Na'],['Na']
一+q1+一+q2,一 顆 一 饅,這 是 我 的 第一 顆 一 饅頭,顆,饅,['Nf'],['VC']
一+q1+一+q2,一 塊 一 塊,我 之前 點 過 它 的 蝦肉 一 塊 一 塊 的 應該 是 比較 大 尾 的 蝦子 切斷,塊,塊,['Nf'],['Nf']
一+q1+一+q2,一 盒 一 盒,冰箱 食材 都 是 一 盒 一 盒 裝好,盒,盒,['Na'],['Na']
一+q1+一+q2,一 個 一 個,所以 只 能 慢慢 一 個 一 個 吃 不能 吃 快 但是 也 別有 一 番 風味,個,個,['Nf'],['Nf']
一+q1+一+q2,一 籃 一 次,一 籃 一 次 來 五 款,籃,次,['Na'],['Nes']
一+q1+一+q2,一 熱 一 冰,酥脆 的 外表 配上 內裡 濃郁 起司 吃起來 真是 唰嘴 好 想要 配上 一 大 口 汽水 一 熱 一 冰 吃起來,熱,冰,['VHC'],['Na']
一+q1+一+q2,一 口 一 塊,雞 更 是 懶人 福音 不 需要 擔心 骨頭 問題 一 口 一 塊 整 個 就 大滿足,口,塊,['Na'],['Nf']
一+q1+一+q2,一 柱 一 石,這些 石頭 都 是 一 柱 一 石 親手 搭建 環境 真的 很 棒 非常 有 特色,柱,石,['Na'],['Nb']
一+q1+一+q2,一 人 一 飲,低消 一 人 一 飲品 歲 以下 若 沒有 點 飲品 則 收元,人,飲,['Na'],['VC']
一+q1+一+q2,一 人 一 顆,小朋友 一 人 一 顆 都 是 沒有 包 內餡 的 口味 分別 是 芝麻 和 花生,人,顆,['Na'],['Nf']
一+q1+一+q2,一 批 一 批,因為 都 一 批 一 批 做 三明治 外皮 鋪 一 整 排 統一 放上 配料,批,批,['VC'],['VC']
一+q1+一+q2,一 碗 一 顆,海鮮 灌湯包 很 大 剛好 一 碗 一 顆,碗,顆,['Na'],['Nf']
一+q1+一+q2,一 顆 一 顆,對 啦 今大 的 滷肉 是 一 顆 一 顆 的 肥肉 方塊 我 可能 無法 接受 的 是 這 個,顆,顆,['Nf'],['Nf']
一+q1+一+q2,一 根 一 根,甜味 很 特別 右下角 的 小菜 則 是 龍鬚菜 相較於 有 些 餐廳 的 定食 會 把 青菜 一 根 一 根 排列,根,根,['Na'],['Na']
一+q1+一+q2,一 人 一 顆,則 是 和 朋友 們 一 人 一 顆,人,顆,['Na'],['Nf']
一+q1+一+q2,一 送 一 持,同步 進行 當 月 壽星 肉盤 免費 升級 當日 壽星 消費 滿額 享 龍蝦 買 一 送 一 持 學生證 肉量 也,送,持,['VD'],['VJ']
一+q1+一+q2,一 送 一 限,當日 壽星 含 前後天 消費 滿 元 享 龍蝦 買 一 送 一 限 購 隻,送,限,['VD'],['VJ']
一+q1+一+q2,一 人 一 杯,一 人 一 杯 飲料 或 一 份 餐點 是 低消,人,杯,['Na'],['Na']
一+q1+一+q2,一 家 一 個,大稻埕 的 不 知道 是 不 是 跟 我 吃 的 同 一 家 一 個 小 店 阿姨 老,家,個,['Nc'],['Nf']
一+q1+一+q2,一 絲 一 絲,感 炸 蝦 厚實 又 鮮嫩 多汁 搭配 一 絲 一 絲 的 醃製 洋蔥 與 美乃滋 醬汁 酸酸 甜甜 相,絲,絲,['Na'],['Na']
一+q1+一+q2,一 顆 一 顆,第四 道 是 一 個 蠻 特別 的 小 點心 海葡萄 這 是 一 種 藻類 一 顆 一 顆 的 咬下去 會,顆,顆,['Nf'],['Nf']
一+q1+一+q2,一 層 一 層,第十一 道 為 甘鯛 與 馬頭魚 口感 是 一 層 一 層 的 一 旁 還 有 蘿蔔 解膩 其中 地,層,層,['Na'],['Na']
一+q1+一+q2,一 盤 一 盤,阿財 牛肉湯 一 店 老店 只有 牛肉湯 二 店 才 有 牛肉鍋 現 點 現 切 的 台南 溫體 牛 每 盤 的 肉質 都 是 如此 鮮嫩 美味 買 三 盤 送 一 盤 一 盤 變 元 的 價格 真的 非常 可以 而且 觀光客 不 多 想 吃 不用 大排長龍 上菜 快 附近 也 方便 停車 真的 是 認真 大推 完全 是 讓 人 吃 過 會 依 再 回訪 的 店,盤,盤,['Na'],['Na']
一+q1+一+q2,一 顆 一 顆,小米 球 是 一 顆 一 顆 類似 地瓜球 的 小玩意 一 口 可以 一 顆 超 順 嘴 剛 炸 起來 裡面 很 燙 外,顆,顆,['Nf'],['Nf']
一+q1+一+q2,一 湯 一 乾,麵 的 份量 還 算 滿多 的 一 湯 一 乾 麵 算是 還 滿 飽足 的,湯,乾,['Na'],['VH']
一+q1+一+q2,一 送 一 時,買 一 送 一 時 還 不 限定 送 同 品項 故 這 一 碗 平時 就是 有 鴨血 豆腐 要價 元,送,時,['VD'],['Na']
一+q1+一+q2,一 簍 一 簍,客 需求 後 場 則 是 一 簍 一 簍 的 青蔥 加緊 著 往 前檯 送,簍,簍,['Na'],['Na']
一+q1+一+q2,一 陣 一 陣,但 我 個人 覺得 戶外 有 一 陣 一 陣 的 微風 吹拂 所以 菸味 沒有 想像 的 重 且 視野 也 比較 棒,陣,陣,['Na'],['Na']
一+q1+一+q2,一 嚐 一 碗,食記 台北 天下 三絕 麵食館 一 嚐 一 碗 牛肉麵,嚐,碗,['VC'],['Na']
一+q1+一+q2,一 碗 一 份,所以 點 了 適合 兩 人 份量 的 招牌 花雕雞 鍋 半 份 白飯 一 碗 一 份 茼蒿,碗,份,['Na'],['Na']
一+q1+一+q2,一 老 一 少,隔 一 段 時間 又 來 了 兩 位 一 老 一 少,老,少,['Na'],['VH']
一+q1+一+q2,一 送 一 的,開幕 買 一 送 一 的 期間 去 買 過 一 次,送,的,['VD'],['DE']
一+q1+一+q2,一 口 一 口,份量 不 大 隔壁 位子 的 女孩子 用著 緩慢 而 堅定 的 神情 一 口 一 口 吃完 一 整 碗 而 我 喝完 最後,口,口,['Na'],['Na']
一+q1+一+q2,一 日 一 餐,食記 台北 一 日 一 餐廳 云 滇 雲南 過 橋 米線,日,餐,['Nc'],['Na']
一+q1+一+q2,一 日 一 餐,不 知道 哪 天 突然 豁然開朗 決定 開始 實施 一 日 一 餐廳,日,餐,['Nc'],['Na']
一+q1+一+q2,一 碗 一 上,米線 是 另外 給 一 碗 一 上鍋 的 時候 可以 趁 湯鍋 滾滾 冒煙 的 時候 小心 加入,碗,上,['Na'],['Ncd']
一+q1+一+q2,一 日 一 餐,如果 不 是 一 日 一 餐廳 很 想 隔天 來 試試 看 乾 的 口味 米線 啊,日,餐,['Nc'],['Na']
一+q1+一+q2,一 格 一 格,店 裡 的 座位 配置 分成 左 中 右 三 種 左邊 是 包廂區 分成 一 格 一 格 的,格,格,['Na'],['Na']
一+q1+一+q2,一 片 一 片,點完 餐 後 師傅 會 親自 到 座位 旁 把 烤 鴨 一 片 一 片 的 切下來,片,片,['Na'],['Na']
一+q1+一+q2,一 份 一 旁,靠近 一點 看見 蜜 地瓜 滾 鍋 著 熱騰騰 的 樣子 金黃 金黃 的 在 冬日 夜晚 真的 有點 想 來 上 一 份 一 旁 是 穿著 吊嘎 的 老闆 除了 要 顧 地瓜球 油鍋 外 還 必須 不停 製作 地瓜球 切 地瓜 球塊 才 來得及 應付 客人 的 購買 感覺 一 整 天 下來 也 是 會 好上不少 的 體力,份,旁,['Na'],['Ncd']
一+q1+一+q2,一 人 一 隻,魚肉 很 嫩 炸 過 之後 完全 不 乾 肉汁 鎖 在 裡面 保留 的 很 完整 非常 且 價錢 也 相當 可愛 啊 一 人 一 隻 點起來 吃 得 超 滿足,人,隻,['Na'],['Nf']
一+q1+一+q2,一 絲 一 絲,搭配 飯 而是 吐司 還是 可以 給予 滿滿 飽足感 漢堡排 富有 嚼勁 一 絲 一 絲 的 肉絲 口感 顯著,絲,絲,['Na'],['Na']
一+q1+一+q2,一 次 一 人,這 間 是 黛西 朋友 熱愛 的 彰化 鹿港 伴手禮 明豐珍 兔仔寮 牛舌餅 他 說 他 每 次 去到 鹿港 都 一定 會 去 排隊 排隊 方式 是 拿 號碼牌 才 可以 買 牛舌餅 營業 時間 從 點 到 售完 為止 但 號碼牌 通常 在 中午 後 就 會 被 拿光 一 次 一 人 限購 五 包 想 買 要 早點 來 排 不僅 可以 當做 彰化 伴手禮 也 可以 單 買 現 吃 單 買 一 個 就 不 需要 排隊,次,人,['Nes'],['Na']
一+q1+一+q2,一 人 一 張,兔仔寮 牛舌餅 從 早上 點 開始 發 號碼牌 一 人 一 張 一 張 限 買 包包 的 價格 是 元 等於 一 片 元 的 意思 不 過年 每 片 會 漲 一 元 變成 一 包 元 喔 另外 想 吃 的 人 要 記得 兔仔寮 牛舌餅 的 公休日 是 每 周日 如果 遇到 週日 不要 特地 跑來 可是 會 碰壁 的,人,張,['Na'],['Nb']
一+q1+一+q2,一 層 一 層,一 層 一 層 單 吃 或是 三 層 搭配 一起 吃 都 美味,層,層,['Na'],['Na']
一+q1+一+q2,一 人 一 碗,但 兩 隻 還是 有 一 人 一 碗 和 牛炒飯,人,碗,['Na'],['Na']
